id,day,session_block,sequence,presenter,title,role,source_file,start,end,output_vtt,output_txt,notes,divergence
2026-03-03-Stage-1-Morning-Opening-Offensive-AI-01-Gadi-Evron-Opening-Words,2026-03-03,Stage 1 Morning Opening Offensive AI,1,Gadi Evron,Opening Words,host,C:\Users\dr\Documents\unprompted\data\unpromptedcon-org\vtt\2026-03-03T152703Z__86148219374__dr-at-secwest.net__Stage-1-Morning-Opening-Offensive-AI__audio_transcript__ecc892c1-6d9d-4107-96ef-5c900556cbbc.vtt,00:00:01.000,00:11:14.000,C:\Users\dr\Documents\unprompted\data\unpromptedcon-org\presenters\vtt\2026-03-03__Stage-1-Morning-Opening-Offensiv__01__Gadi-Evron__Opening-Words__host.vtt,C:\Users\dr\Documents\unprompted\data\unpromptedcon-org\presenters\txt\2026-03-03__Stage-1-Morning-Opening-Offensiv__01__Gadi-Evron__Opening-Words__host.txt,Conference welcome and framing for day one.,
2026-03-03-Stage-1-Morning-Opening-Offensive-AI-02-Heather-Adkins-and-Four-Flynn-Evaluating-Threats-Automating-Defense-How-Googl,2026-03-03,Stage 1 Morning Opening Offensive AI,2,Heather Adkins and Four Flynn,Evaluating Threats & Automating Defense: How Google is Advancing Code Security,presenter,C:\Users\dr\Documents\unprompted\data\unpromptedcon-org\vtt\2026-03-03T152703Z__86148219374__dr-at-secwest.net__Stage-1-Morning-Opening-Offensive-AI__audio_transcript__ecc892c1-6d9d-4107-96ef-5c900556cbbc.vtt,00:15:37.000,00:35:17.000,C:\Users\dr\Documents\unprompted\data\unpromptedcon-org\presenters\vtt\2026-03-03__Stage-1-Morning-Opening-Offensiv__02__Heather-Adkins-and-Four-Flynn__Evaluating-Threats-Automating-Defense-How-Google__presenter.vtt,C:\Users\dr\Documents\unprompted\data\unpromptedcon-org\presenters\txt\2026-03-03__Stage-1-Morning-Opening-Offensiv__02__Heather-Adkins-and-Four-Flynn__Evaluating-Threats-Automating-Defense-How-Google__presenter.txt,Google / DeepMind talk.,
2026-03-03-Stage-1-Morning-Opening-Offensive-AI-03-Joshua-Saxe-The-Hard-Part-Isn-t-Building-the-Agent-On-Measuring-Agent-Effecti,2026-03-03,Stage 1 Morning Opening Offensive AI,3,Joshua Saxe,The Hard Part Isn't Building the Agent: On Measuring Agent Effectiveness,presenter,C:\Users\dr\Documents\unprompted\data\unpromptedcon-org\vtt\2026-03-03T152703Z__86148219374__dr-at-secwest.net__Stage-1-Morning-Opening-Offensive-AI__audio_transcript__ecc892c1-6d9d-4107-96ef-5c900556cbbc.vtt,00:44:09.000,01:07:17.000,C:\Users\dr\Documents\unprompted\data\unpromptedcon-org\presenters\vtt\2026-03-03__Stage-1-Morning-Opening-Offensiv__03__Joshua-Saxe__The-Hard-Part-Isn-t-Building-the-Agent-On-Measur__presenter.vtt,C:\Users\dr\Documents\unprompted\data\unpromptedcon-org\presenters\txt\2026-03-03__Stage-1-Morning-Opening-Offensiv__03__Joshua-Saxe__The-Hard-Part-Isn-t-Building-the-Agent-On-Measur__presenter.txt,,
2026-03-03-Stage-1-Morning-Opening-Offensive-AI-04-Shruti-Datta-Gupta-and-Chandrani-Security-Guidance-as-a-Service-Building-an-A,2026-03-03,Stage 1 Morning Opening Offensive AI,4,Shruti Datta Gupta and Chandrani,Security Guidance as a Service: Building an AI-Native Blueprint for Defensive Security,presenter,C:\Users\dr\Documents\unprompted\data\unpromptedcon-org\vtt\2026-03-03T152703Z__86148219374__dr-at-secwest.net__Stage-1-Morning-Opening-Offensive-AI__audio_transcript__ecc892c1-6d9d-4107-96ef-5c900556cbbc.vtt,01:07:53.000,01:30:16.000,C:\Users\dr\Documents\unprompted\data\unpromptedcon-org\presenters\vtt\2026-03-03__Stage-1-Morning-Opening-Offensiv__04__Shruti-Datta-Gupta-and-Chandrani__Security-Guidance-as-a-Service-Building-an-AI-Na__presenter.vtt,C:\Users\dr\Documents\unprompted\data\unpromptedcon-org\presenters\txt\2026-03-03__Stage-1-Morning-Opening-Offensiv__04__Shruti-Datta-Gupta-and-Chandrani__Security-Guidance-as-a-Service-Building-an-AI-Na__presenter.txt,Adobe security guidance talk; second speaker name is incomplete in ASR.,
2026-03-03-Stage-1-Late-Morning-Agents-in-Production-Vulnerability-Discovery-01-Jeffrey-Zhang-and-Sid-Guardrails-beyond-Vibes-Sh,2026-03-03,Stage 1 Late Morning Agents in Production Vulnerability Discovery,1,Jeffrey Zhang and Sid,Guardrails beyond Vibes: Shipping Security Agents in Production,presenter,C:\Users\dr\Documents\unprompted\data\unpromptedcon-org\vtt\2026-03-03T184421Z__83826532500__dr-at-secwest.net__Stage-1-Late-Morning-Agents-in-Production-Vulnerability-Discovery__audio_transcript__bc035032-7a2c-4e21-835c-02530b9062c8.vtt,00:03:10.000,00:24:23.000,C:\Users\dr\Documents\unprompted\data\unpromptedcon-org\presenters\vtt\2026-03-03__Stage-1-Late-Morning-Agents-in-P__01__Jeffrey-Zhang-and-Sid__Guardrails-beyond-Vibes-Shipping-Security-Agents__presenter.vtt,C:\Users\dr\Documents\unprompted\data\unpromptedcon-org\presenters\txt\2026-03-03__Stage-1-Late-Morning-Agents-in-P__01__Jeffrey-Zhang-and-Sid__Guardrails-beyond-Vibes-Shipping-Security-Agents__presenter.txt,,This talk appears in the late-morning recording even though it was listed in the morning block.
2026-03-03-Stage-1-Late-Morning-Agents-in-Production-Vulnerability-Discovery-02-Paul-McMillan-and-Ryan-Lopopolo-Code-Is-Free-Sec,2026-03-03,Stage 1 Late Morning Agents in Production Vulnerability Discovery,2,Paul McMillan and Ryan Lopopolo,Code Is Free: Securing Software in the Agentic Future,presenter,C:\Users\dr\Documents\unprompted\data\unpromptedcon-org\vtt\2026-03-03T184421Z__83826532500__dr-at-secwest.net__Stage-1-Late-Morning-Agents-in-Production-Vulnerability-Discovery__audio_transcript__bc035032-7a2c-4e21-835c-02530b9062c8.vtt,00:27:13.000,00:52:00.000,C:\Users\dr\Documents\unprompted\data\unpromptedcon-org\presenters\vtt\2026-03-03__Stage-1-Late-Morning-Agents-in-P__02__Paul-McMillan-and-Ryan-Lopopolo__Code-Is-Free-Securing-Software-in-the-Agentic-Fu__presenter.vtt,C:\Users\dr\Documents\unprompted\data\unpromptedcon-org\presenters\txt\2026-03-03__Stage-1-Late-Morning-Agents-in-P__02__Paul-McMillan-and-Ryan-Lopopolo__Code-Is-Free-Securing-Software-in-the-Agentic-Fu__presenter.txt,,
2026-03-03-Stage-1-Late-Morning-Agents-in-Production-Vulnerability-Discovery-03-Brendan-Dolan-Gavitt-and-Vincent-Olson-AI-Agents,2026-03-03,Stage 1 Late Morning Agents in Production Vulnerability Discovery,3,Brendan Dolan-Gavitt and Vincent Olson,AI Agents for Exploiting Auth-by-One Errors,presenter,C:\Users\dr\Documents\unprompted\data\unpromptedcon-org\vtt\2026-03-03T184421Z__83826532500__dr-at-secwest.net__Stage-1-Late-Morning-Agents-in-Production-Vulnerability-Discovery__audio_transcript__bc035032-7a2c-4e21-835c-02530b9062c8.vtt,00:52:39.000,01:10:56.000,C:\Users\dr\Documents\unprompted\data\unpromptedcon-org\presenters\vtt\2026-03-03__Stage-1-Late-Morning-Agents-in-P__03__Brendan-Dolan-Gavitt-and-Vincent-Olson__AI-Agents-for-Exploiting-Auth-by-One-Errors__presenter.vtt,C:\Users\dr\Documents\unprompted\data\unpromptedcon-org\presenters\txt\2026-03-03__Stage-1-Late-Morning-Agents-in-P__03__Brendan-Dolan-Gavitt-and-Vincent-Olson__AI-Agents-for-Exploiting-Auth-by-One-Errors__presenter.txt,,
2026-03-03-Stage-1-Late-Morning-Agents-in-Production-Vulnerability-Discovery-04-Waris-Gill-and-Natalie-Isak-Developing-Deploying,2026-03-03,Stage 1 Late Morning Agents in Production Vulnerability Discovery,4,Waris Gill and Natalie Isak,Developing & Deploying AI Fingerprints for Advanced Threat Detection,presenter,C:\Users\dr\Documents\unprompted\data\unpromptedcon-org\vtt\2026-03-03T184421Z__83826532500__dr-at-secwest.net__Stage-1-Late-Morning-Agents-in-Production-Vulnerability-Discovery__audio_transcript__bc035032-7a2c-4e21-835c-02530b9062c8.vtt,01:12:16.000,01:31:01.000,C:\Users\dr\Documents\unprompted\data\unpromptedcon-org\presenters\vtt\2026-03-03__Stage-1-Late-Morning-Agents-in-P__04__Waris-Gill-and-Natalie-Isak__Developing-Deploying-AI-Fingerprints-for-Advance__presenter.vtt,C:\Users\dr\Documents\unprompted\data\unpromptedcon-org\presenters\txt\2026-03-03__Stage-1-Late-Morning-Agents-in-P__04__Waris-Gill-and-Natalie-Isak__Developing-Deploying-AI-Fingerprints-for-Advance__presenter.txt,BinaryShield talk; Matthew Dressman is not clearly audible in the transcript.,
2026-03-03-Stage-1-Early-Afternoon-Attack-Surface-Browser-Exploitation-AI-Notetakers-01-Sean-Park-When-Passports-Execute-Exploit,2026-03-03,Stage 1 Early Afternoon Attack Surface Browser Exploitation AI Notetakers,1,Sean Park,When Passports Execute: Exploiting AI-Driven KYC Pipelines,presenter,C:\Users\dr\Documents\unprompted\data\unpromptedcon-org\vtt\2026-03-03T204939Z__83377163171__dr-at-secwest.net__Stage-1-Early-Afternoon-Attack-Surface-Browser-Exploitation-AI-Notetakers__audio_transcript__6e9e8de3-483f-4e65-8370-3098c4f706c4.vtt,00:00:00.000,00:13:13.000,C:\Users\dr\Documents\unprompted\data\unpromptedcon-org\presenters\vtt\2026-03-03__Stage-1-Early-Afternoon-Attack-S__01__Sean-Park__When-Passports-Execute-Exploiting-AI-Driven-KYC__presenter.vtt,C:\Users\dr\Documents\unprompted\data\unpromptedcon-org\presenters\txt\2026-03-03__Stage-1-Early-Afternoon-Attack-S__01__Sean-Park__When-Passports-Execute-Exploiting-AI-Driven-KYC__presenter.txt,"The file starts mid-talk, so the opening of Sean's presentation is clipped.",Sean Park's talk begins in this file rather than the prior late-morning file.
2026-03-03-Stage-1-Early-Afternoon-Attack-Surface-Browser-Exploitation-AI-Notetakers-02-Peter-Girnus-FENRIR-AI-Hunting-for-AI-Ze,2026-03-03,Stage 1 Early Afternoon Attack Surface Browser Exploitation AI Notetakers,2,Peter Girnus,FENRIR: AI Hunting for AI Zero-Days at Scale,presenter,C:\Users\dr\Documents\unprompted\data\unpromptedcon-org\vtt\2026-03-03T204939Z__83377163171__dr-at-secwest.net__Stage-1-Early-Afternoon-Attack-Surface-Browser-Exploitation-AI-Notetakers__audio_transcript__6e9e8de3-483f-4e65-8370-3098c4f706c4.vtt,00:13:50.000,00:34:46.000,C:\Users\dr\Documents\unprompted\data\unpromptedcon-org\presenters\vtt\2026-03-03__Stage-1-Early-Afternoon-Attack-S__02__Peter-Girnus__FENRIR-AI-Hunting-for-AI-Zero-Days-at-Scale__presenter.vtt,C:\Users\dr\Documents\unprompted\data\unpromptedcon-org\presenters\txt\2026-03-03__Stage-1-Early-Afternoon-Attack-S__02__Peter-Girnus__FENRIR-AI-Hunting-for-AI-Zero-Days-at-Scale__presenter.txt,,
2026-03-03-Stage-1-Early-Afternoon-Attack-Surface-Browser-Exploitation-AI-Notetakers-03-Joe-Sullivan-AI-Notetakers-The-Most-Impo,2026-03-03,Stage 1 Early Afternoon Attack Surface Browser Exploitation AI Notetakers,3,Joe Sullivan,AI Notetakers: The Most Important Person in the Room,presenter,C:\Users\dr\Documents\unprompted\data\unpromptedcon-org\vtt\2026-03-03T204939Z__83377163171__dr-at-secwest.net__Stage-1-Early-Afternoon-Attack-Surface-Browser-Exploitation-AI-Notetakers__audio_transcript__6e9e8de3-483f-4e65-8370-3098c4f706c4.vtt,00:36:05.000,00:55:31.000,C:\Users\dr\Documents\unprompted\data\unpromptedcon-org\presenters\vtt\2026-03-03__Stage-1-Early-Afternoon-Attack-S__03__Joe-Sullivan__AI-Notetakers-The-Most-Important-Person-in-the-R__presenter.vtt,C:\Users\dr\Documents\unprompted\data\unpromptedcon-org\presenters\txt\2026-03-03__Stage-1-Early-Afternoon-Attack-S__03__Joe-Sullivan__AI-Notetakers-The-Most-Important-Person-in-the-R__presenter.txt,,
2026-03-03-Stage-1-Late-Afternoon-Hardware-Hacking-Post-Training-LLM-Threats-01-Adam-Laurie-AI-go-Beep-Boop,2026-03-03,Stage 1 Late Afternoon Hardware Hacking Post-Training LLM Threats,1,Adam Laurie,AI go Beep Boop!,presenter,C:\Users\dr\Documents\unprompted\data\unpromptedcon-org\vtt\2026-03-03T224142Z__84095825429__dr-at-secwest.net__Stage-1-Late-Afternoon-Hardware-Hacking-Post-Training-LLM-Threats__audio_transcript__0bab1277-dfd8-4d45-9f47-80c8658c097a.vtt,00:01:00.000,00:27:32.000,C:\Users\dr\Documents\unprompted\data\unpromptedcon-org\presenters\vtt\2026-03-03__Stage-1-Late-Afternoon-Hardware__01__Adam-Laurie__AI-go-Beep-Boop__presenter.vtt,C:\Users\dr\Documents\unprompted\data\unpromptedcon-org\presenters\txt\2026-03-03__Stage-1-Late-Afternoon-Hardware__01__Adam-Laurie__AI-go-Beep-Boop__presenter.txt,,Adam Laurie's talk appears in the late-afternoon file rather than the prior early-afternoon file.
2026-03-03-Stage-1-Late-Afternoon-Hardware-Hacking-Post-Training-LLM-Threats-02-Gadi-Evron-Post-Adam-host-remarks-and-Rami-McCar,2026-03-03,Stage 1 Late Afternoon Hardware Hacking Post-Training LLM Threats,2,Gadi Evron,Post-Adam host remarks and Rami McCarthy intro,host,C:\Users\dr\Documents\unprompted\data\unpromptedcon-org\vtt\2026-03-03T224142Z__84095825429__dr-at-secwest.net__Stage-1-Late-Afternoon-Hardware-Hacking-Post-Training-LLM-Threats__audio_transcript__0bab1277-dfd8-4d45-9f47-80c8658c097a.vtt,00:27:32.000,00:30:32.000,C:\Users\dr\Documents\unprompted\data\unpromptedcon-org\presenters\vtt\2026-03-03__Stage-1-Late-Afternoon-Hardware__02__Gadi-Evron__Post-Adam-host-remarks-and-Rami-McCarthy-intro__host.vtt,C:\Users\dr\Documents\unprompted\data\unpromptedcon-org\presenters\txt\2026-03-03__Stage-1-Late-Afternoon-Hardware__02__Gadi-Evron__Post-Adam-host-remarks-and-Rami-McCarthy-intro__host.txt,Separated because the user asked for Gadi's host comments to be split out.,
2026-03-03-Stage-1-Late-Afternoon-Hardware-Hacking-Post-Training-LLM-Threats-03-Rami-McCarthy-Zeal-of-the-Convert-Taming-Shai-Hu,2026-03-03,Stage 1 Late Afternoon Hardware Hacking Post-Training LLM Threats,3,Rami McCarthy,Zeal of the Convert: Taming Shai-Hulud with AI,presenter,C:\Users\dr\Documents\unprompted\data\unpromptedcon-org\vtt\2026-03-03T224142Z__84095825429__dr-at-secwest.net__Stage-1-Late-Afternoon-Hardware-Hacking-Post-Training-LLM-Threats__audio_transcript__0bab1277-dfd8-4d45-9f47-80c8658c097a.vtt,00:30:35.000,00:53:56.000,C:\Users\dr\Documents\unprompted\data\unpromptedcon-org\presenters\vtt\2026-03-03__Stage-1-Late-Afternoon-Hardware__03__Rami-McCarthy__Zeal-of-the-Convert-Taming-Shai-Hulud-with-AI__presenter.vtt,C:\Users\dr\Documents\unprompted\data\unpromptedcon-org\presenters\txt\2026-03-03__Stage-1-Late-Afternoon-Hardware__03__Rami-McCarthy__Zeal-of-the-Convert-Taming-Shai-Hulud-with-AI__presenter.txt,,
2026-03-03-Stage-1-Late-Afternoon-Hardware-Hacking-Post-Training-LLM-Threats-04-Daniel-Miessler-Anatomy-of-an-Agentic-Personal-A,2026-03-03,Stage 1 Late Afternoon Hardware Hacking Post-Training LLM Threats,4,Daniel Miessler,Anatomy of an Agentic Personal AI Infrastructure,presenter,C:\Users\dr\Documents\unprompted\data\unpromptedcon-org\vtt\2026-03-03T224142Z__84095825429__dr-at-secwest.net__Stage-1-Late-Afternoon-Hardware-Hacking-Post-Training-LLM-Threats__audio_transcript__0bab1277-dfd8-4d45-9f47-80c8658c097a.vtt,00:54:34.000,01:22:02.000,C:\Users\dr\Documents\unprompted\data\unpromptedcon-org\presenters\vtt\2026-03-03__Stage-1-Late-Afternoon-Hardware__04__Daniel-Miessler__Anatomy-of-an-Agentic-Personal-AI-Infrastructure__presenter.vtt,C:\Users\dr\Documents\unprompted\data\unpromptedcon-org\presenters\txt\2026-03-03__Stage-1-Late-Afternoon-Hardware__04__Daniel-Miessler__Anatomy-of-an-Agentic-Personal-AI-Infrastructure__presenter.txt,,Daniel Miessler's talk appears here even though it was missing from the public slide deck list.
2026-03-03-Stage-1-Late-Afternoon-Hardware-Hacking-Post-Training-LLM-Threats-05-Nicholas-Carlini-Black-hat-LLMs,2026-03-03,Stage 1 Late Afternoon Hardware Hacking Post-Training LLM Threats,5,Nicholas Carlini,Black-hat LLMs,presenter,C:\Users\dr\Documents\unprompted\data\unpromptedcon-org\vtt\2026-03-03T224142Z__84095825429__dr-at-secwest.net__Stage-1-Late-Afternoon-Hardware-Hacking-Post-Training-LLM-Threats__audio_transcript__0bab1277-dfd8-4d45-9f47-80c8658c097a.vtt,01:22:36.000,01:47:52.000,C:\Users\dr\Documents\unprompted\data\unpromptedcon-org\presenters\vtt\2026-03-03__Stage-1-Late-Afternoon-Hardware__05__Nicholas-Carlini__Black-hat-LLMs__presenter.vtt,C:\Users\dr\Documents\unprompted\data\unpromptedcon-org\presenters\txt\2026-03-03__Stage-1-Late-Afternoon-Hardware__05__Nicholas-Carlini__Black-hat-LLMs__presenter.txt,,
2026-03-03-Stage-1-Late-Afternoon-Hardware-Hacking-Post-Training-LLM-Threats-06-Piotr-Ryciak-Vibe-Check-Security-Failures-in-AI,2026-03-03,Stage 1 Late Afternoon Hardware Hacking Post-Training LLM Threats,6,Piotr Ryciak,Vibe Check: Security Failures in AI-Assisted IDEs,presenter,C:\Users\dr\Documents\unprompted\data\unpromptedcon-org\vtt\2026-03-03T224142Z__84095825429__dr-at-secwest.net__Stage-1-Late-Afternoon-Hardware-Hacking-Post-Training-LLM-Threats__audio_transcript__0bab1277-dfd8-4d45-9f47-80c8658c097a.vtt,01:48:50.000,02:14:41.000,C:\Users\dr\Documents\unprompted\data\unpromptedcon-org\presenters\vtt\2026-03-03__Stage-1-Late-Afternoon-Hardware__06__Piotr-Ryciak__Vibe-Check-Security-Failures-in-AI-Assisted-IDEs__presenter.vtt,C:\Users\dr\Documents\unprompted\data\unpromptedcon-org\presenters\txt\2026-03-03__Stage-1-Late-Afternoon-Hardware__06__Piotr-Ryciak__Vibe-Check-Security-Failures-in-AI-Assisted-IDEs__presenter.txt,,
2026-03-03-Stage-2-Morning-AI-Governance-01-Billy-Norwood-Establishing-AI-Governance-Without-Stifling-Innovation,2026-03-03,Stage 2 Morning AI Governance,1,Billy Norwood,Establishing AI Governance Without Stifling Innovation,presenter,C:\Users\dr\Documents\unprompted\data\unpromptedcon-org\vtt\2026-03-03T152817Z__86896161688__dr-at-secwest.net__Stage-2-Morning-AI-Governance__audio_transcript__b43fd2f8-1b2d-4ccb-8e06-53a16996f74d.vtt,00:04:01.000,00:29:21.000,C:\Users\dr\Documents\unprompted\data\unpromptedcon-org\presenters\vtt\2026-03-03__Stage-2-Morning-AI-Governance__01__Billy-Norwood__Establishing-AI-Governance-Without-Stifling-Inno__presenter.vtt,C:\Users\dr\Documents\unprompted\data\unpromptedcon-org\presenters\txt\2026-03-03__Stage-2-Morning-AI-Governance__01__Billy-Norwood__Establishing-AI-Governance-Without-Stifling-Inno__presenter.txt,,
2026-03-03-Stage-2-Morning-AI-Governance-02-Ragini-Ramalingam-Enterprise-AI-Governance-at-Snowflake-Balancing-Innovation-and-Ris,2026-03-03,Stage 2 Morning AI Governance,2,Ragini Ramalingam,Enterprise AI Governance at Snowflake: Balancing Innovation and Risk,presenter,C:\Users\dr\Documents\unprompted\data\unpromptedcon-org\vtt\2026-03-03T152817Z__86896161688__dr-at-secwest.net__Stage-2-Morning-AI-Governance__audio_transcript__b43fd2f8-1b2d-4ccb-8e06-53a16996f74d.vtt,00:30:08.000,00:55:29.000,C:\Users\dr\Documents\unprompted\data\unpromptedcon-org\presenters\vtt\2026-03-03__Stage-2-Morning-AI-Governance__02__Ragini-Ramalingam__Enterprise-AI-Governance-at-Snowflake-Balancing__presenter.vtt,C:\Users\dr\Documents\unprompted\data\unpromptedcon-org\presenters\txt\2026-03-03__Stage-2-Morning-AI-Governance__02__Ragini-Ramalingam__Enterprise-AI-Governance-at-Snowflake-Balancing__presenter.txt,,
2026-03-03-Stage-2-Late-Morning-Military-AI-DFIR-GenAI-Detection-01-Chase-Hasbrouck-Three-Phases-of-AI-Adoption-From-GPU-Lottery,2026-03-03,Stage 2 Late Morning Military AI DFIR GenAI Detection,1,Chase Hasbrouck,Three Phases of AI Adoption: From GPU Lottery to Enterprise Agreements,presenter,C:\Users\dr\Documents\unprompted\data\unpromptedcon-org\vtt\2026-03-03T184601Z__88306059555__dr-at-secwest.net__Stage-2-Late-Morning-Military-AI-DFIR-GenAI-Detection__audio_transcript__7017aefa-57a1-44e0-85c7-cfe43f11d48b.vtt,00:00:44.000,00:23:45.000,C:\Users\dr\Documents\unprompted\data\unpromptedcon-org\presenters\vtt\2026-03-03__Stage-2-Late-Morning-Military-AI__01__Chase-Hasbrouck__Three-Phases-of-AI-Adoption-From-GPU-Lottery-to__presenter.vtt,C:\Users\dr\Documents\unprompted\data\unpromptedcon-org\presenters\txt\2026-03-03__Stage-2-Late-Morning-Military-AI__01__Chase-Hasbrouck__Three-Phases-of-AI-Adoption-From-GPU-Lottery-to__presenter.txt,,Chase Hasbrouck's talk spills over from the Stage 2 morning recording into this late-morning file.
2026-03-03-Stage-2-Late-Morning-Military-AI-DFIR-GenAI-Detection-02-Rob-T.-Lee-SIFT-FIND-EVIL-I-Gave-Claude-Code-R00t-on-the-DFI,2026-03-03,Stage 2 Late Morning Military AI DFIR GenAI Detection,2,Rob T. Lee,SIFT - FIND EVIL!! I Gave Claude Code R00t on the DFIR SIFT Workstation,presenter,C:\Users\dr\Documents\unprompted\data\unpromptedcon-org\vtt\2026-03-03T184601Z__88306059555__dr-at-secwest.net__Stage-2-Late-Morning-Military-AI-DFIR-GenAI-Detection__audio_transcript__7017aefa-57a1-44e0-85c7-cfe43f11d48b.vtt,00:24:47.000,00:48:22.000,C:\Users\dr\Documents\unprompted\data\unpromptedcon-org\presenters\vtt\2026-03-03__Stage-2-Late-Morning-Military-AI__02__Rob-T.-Lee__SIFT-FIND-EVIL-I-Gave-Claude-Code-R00t-on-the-DF__presenter.vtt,C:\Users\dr\Documents\unprompted\data\unpromptedcon-org\presenters\txt\2026-03-03__Stage-2-Late-Morning-Military-AI__02__Rob-T.-Lee__SIFT-FIND-EVIL-I-Gave-Claude-Code-R00t-on-the-DF__presenter.txt,,
2026-03-03-Stage-2-Late-Morning-Military-AI-DFIR-GenAI-Detection-03-Mika-Ayenson-GenAI-Endpoint-Observability,2026-03-03,Stage 2 Late Morning Military AI DFIR GenAI Detection,3,Mika Ayenson,GenAI Endpoint Observability,presenter,C:\Users\dr\Documents\unprompted\data\unpromptedcon-org\vtt\2026-03-03T184601Z__88306059555__dr-at-secwest.net__Stage-2-Late-Morning-Military-AI-DFIR-GenAI-Detection__audio_transcript__7017aefa-57a1-44e0-85c7-cfe43f11d48b.vtt,00:48:48.000,01:12:17.000,C:\Users\dr\Documents\unprompted\data\unpromptedcon-org\presenters\vtt\2026-03-03__Stage-2-Late-Morning-Military-AI__03__Mika-Ayenson__GenAI-Endpoint-Observability__presenter.vtt,C:\Users\dr\Documents\unprompted\data\unpromptedcon-org\presenters\txt\2026-03-03__Stage-2-Late-Morning-Military-AI__03__Mika-Ayenson__GenAI-Endpoint-Observability__presenter.txt,,
2026-03-03-Stage-2-Late-Morning-Military-AI-DFIR-GenAI-Detection-04-Mohamed-Nabeel-Detecting-GenAI-Threats-at-Scale-with-YARA-Li,2026-03-03,Stage 2 Late Morning Military AI DFIR GenAI Detection,4,Mohamed Nabeel,Detecting GenAI Threats at Scale with YARA-Like Semantic Rules,presenter,C:\Users\dr\Documents\unprompted\data\unpromptedcon-org\vtt\2026-03-03T184601Z__88306059555__dr-at-secwest.net__Stage-2-Late-Morning-Military-AI-DFIR-GenAI-Detection__audio_transcript__7017aefa-57a1-44e0-85c7-cfe43f11d48b.vtt,01:12:33.000,01:31:09.000,C:\Users\dr\Documents\unprompted\data\unpromptedcon-org\presenters\vtt\2026-03-03__Stage-2-Late-Morning-Military-AI__04__Mohamed-Nabeel__Detecting-GenAI-Threats-at-Scale-with-YARA-Like__presenter.vtt,C:\Users\dr\Documents\unprompted\data\unpromptedcon-org\presenters\txt\2026-03-03__Stage-2-Late-Morning-Military-AI__04__Mohamed-Nabeel__Detecting-GenAI-Threats-at-Scale-with-YARA-Like__presenter.txt,,
2026-03-03-Stage-2-Early-Afternoon-Confidential-AI-Synthetic-Vulns-01-Raghu-Yeluri-The-Advent-of-Confidential-AI,2026-03-03,Stage 2 Early Afternoon Confidential AI Synthetic Vulns,1,Raghu Yeluri,The Advent of Confidential AI,presenter,C:\Users\dr\Documents\unprompted\data\unpromptedcon-org\vtt\2026-03-03T202444Z__88453714013__dr-at-secwest.net__Stage-2-Early-Afternoon-Confidential-AI-Synthetic-Vulns__audio_transcript__ed382938-d51d-4135-a3aa-e1eaf86d2e66.vtt,00:00:52.000,00:25:21.000,C:\Users\dr\Documents\unprompted\data\unpromptedcon-org\presenters\vtt\2026-03-03__Stage-2-Early-Afternoon-Confiden__01__Raghu-Yeluri__The-Advent-of-Confidential-AI__presenter.vtt,C:\Users\dr\Documents\unprompted\data\unpromptedcon-org\presenters\txt\2026-03-03__Stage-2-Early-Afternoon-Confiden__01__Raghu-Yeluri__The-Advent-of-Confidential-AI__presenter.txt,,
2026-03-03-Stage-2-Early-Afternoon-Confidential-AI-Synthetic-Vulns-02-Aaron-Grattafiori-and-Skylar-Tenderizing-the-Target-Soakin,2026-03-03,Stage 2 Early Afternoon Confidential AI Synthetic Vulns,2,Aaron Grattafiori and Skylar,Tenderizing the Target: Soaking Code in Synthetic Vulnerabilities,presenter,C:\Users\dr\Documents\unprompted\data\unpromptedcon-org\vtt\2026-03-03T202444Z__88453714013__dr-at-secwest.net__Stage-2-Early-Afternoon-Confidential-AI-Synthetic-Vulns__audio_transcript__ed382938-d51d-4135-a3aa-e1eaf86d2e66.vtt,00:29:33.000,00:55:28.000,C:\Users\dr\Documents\unprompted\data\unpromptedcon-org\presenters\vtt\2026-03-03__Stage-2-Early-Afternoon-Confiden__02__Aaron-Grattafiori-and-Skylar__Tenderizing-the-Target-Soaking-Code-in-Synthetic__presenter.vtt,C:\Users\dr\Documents\unprompted\data\unpromptedcon-org\presenters\txt\2026-03-03__Stage-2-Early-Afternoon-Confiden__02__Aaron-Grattafiori-and-Skylar__Tenderizing-the-Target-Soaking-Code-in-Synthetic__presenter.txt,The transcript clearly shows Aaron handing the Project Marinade talk to Skylar mid-presentation.,
2026-03-03-Stage-2-Early-Afternoon-Confidential-AI-Synthetic-Vulns-03-Matt-Maisel-Hooking-Coding-Agents-with-the-Cedar-Policy-La,2026-03-03,Stage 2 Early Afternoon Confidential AI Synthetic Vulns,3,Matt Maisel,Hooking Coding Agents with the Cedar Policy Language,presenter,C:\Users\dr\Documents\unprompted\data\unpromptedcon-org\vtt\2026-03-03T202444Z__88453714013__dr-at-secwest.net__Stage-2-Early-Afternoon-Confidential-AI-Synthetic-Vulns__audio_transcript__ed382938-d51d-4135-a3aa-e1eaf86d2e66.vtt,00:59:20.000,01:16:23.000,C:\Users\dr\Documents\unprompted\data\unpromptedcon-org\presenters\vtt\2026-03-03__Stage-2-Early-Afternoon-Confiden__03__Matt-Maisel__Hooking-Coding-Agents-with-the-Cedar-Policy-Lang__presenter.vtt,C:\Users\dr\Documents\unprompted\data\unpromptedcon-org\presenters\txt\2026-03-03__Stage-2-Early-Afternoon-Confiden__03__Matt-Maisel__Hooking-Coding-Agents-with-the-Cedar-Policy-Lang__presenter.txt,,
2026-03-03-Stage-2-Late-Afternoon-Interpretability-Risk-Frameworks-Physical-AI-01-Carl-Hurd-Glass-Box-Security-Operationalizing,2026-03-03,Stage 2 Late Afternoon Interpretability Risk Frameworks Physical AI,1,Carl Hurd,Glass-Box Security: Operationalizing Mechanistic Interpretability for Defending AI Agents,presenter,C:\Users\dr\Documents\unprompted\data\unpromptedcon-org\vtt\2026-03-03T225057Z__84989988851__dr-at-secwest.net__Stage-2-Late-Afternoon-Interpretability-Risk-Frameworks-Physical-AI__audio_transcript__d649ccc8-564b-413d-82e6-d1b502959185.vtt,00:00:28.000,00:29:02.000,C:\Users\dr\Documents\unprompted\data\unpromptedcon-org\presenters\vtt\2026-03-03__Stage-2-Late-Afternoon-Interpret__01__Carl-Hurd__Glass-Box-Security-Operationalizing-Mechanistic__presenter.vtt,C:\Users\dr\Documents\unprompted\data\unpromptedcon-org\presenters\txt\2026-03-03__Stage-2-Late-Afternoon-Interpret__01__Carl-Hurd__Glass-Box-Security-Operationalizing-Mechanistic__presenter.txt,,
2026-03-03-Stage-2-Late-Afternoon-Interpretability-Risk-Frameworks-Physical-AI-02-Maxim-Kovalsky-The-AI-Security-Larsen-Effect-H,2026-03-03,Stage 2 Late Afternoon Interpretability Risk Frameworks Physical AI,2,Maxim Kovalsky,The AI Security Larsen Effect: How to Stop the Feedback Loop,presenter,C:\Users\dr\Documents\unprompted\data\unpromptedcon-org\vtt\2026-03-03T225057Z__84989988851__dr-at-secwest.net__Stage-2-Late-Afternoon-Interpretability-Risk-Frameworks-Physical-AI__audio_transcript__d649ccc8-564b-413d-82e6-d1b502959185.vtt,00:29:03.000,00:51:21.000,C:\Users\dr\Documents\unprompted\data\unpromptedcon-org\presenters\vtt\2026-03-03__Stage-2-Late-Afternoon-Interpret__02__Maxim-Kovalsky__The-AI-Security-Larsen-Effect-How-to-Stop-the-Fe__presenter.vtt,C:\Users\dr\Documents\unprompted\data\unpromptedcon-org\presenters\txt\2026-03-03__Stage-2-Late-Afternoon-Interpret__02__Maxim-Kovalsky__The-AI-Security-Larsen-Effect-How-to-Stop-the-Fe__presenter.txt,"Matched by order, self-intro as Max, and topic content.",
2026-03-03-Stage-2-Late-Afternoon-Interpretability-Risk-Frameworks-Physical-AI-03-Padma-Apparao-Kinetic-Risk-Securing-and-Govern,2026-03-03,Stage 2 Late Afternoon Interpretability Risk Frameworks Physical AI,3,Padma Apparao,Kinetic Risk: Securing and Governing Physical AI in the Wild,presenter,C:\Users\dr\Documents\unprompted\data\unpromptedcon-org\vtt\2026-03-03T225057Z__84989988851__dr-at-secwest.net__Stage-2-Late-Afternoon-Interpretability-Risk-Frameworks-Physical-AI__audio_transcript__d649ccc8-564b-413d-82e6-d1b502959185.vtt,00:51:34.000,01:19:17.000,C:\Users\dr\Documents\unprompted\data\unpromptedcon-org\presenters\vtt\2026-03-03__Stage-2-Late-Afternoon-Interpret__03__Padma-Apparao__Kinetic-Risk-Securing-and-Governing-Physical-AI__presenter.vtt,C:\Users\dr\Documents\unprompted\data\unpromptedcon-org\presenters\txt\2026-03-03__Stage-2-Late-Afternoon-Interpret__03__Padma-Apparao__Kinetic-Risk-Securing-and-Governing-Physical-AI__presenter.txt,,
2026-03-03-Stage-2-Late-Afternoon-Interpretability-Risk-Frameworks-Physical-AI-04-Aaron-Brown-Trajectory-Aware-Post-Training-for,2026-03-03,Stage 2 Late Afternoon Interpretability Risk Frameworks Physical AI,4,Aaron Brown,Trajectory-Aware Post-Training for Security Agents,presenter,C:\Users\dr\Documents\unprompted\data\unpromptedcon-org\vtt\2026-03-03T225057Z__84989988851__dr-at-secwest.net__Stage-2-Late-Afternoon-Interpretability-Risk-Frameworks-Physical-AI__audio_transcript__d649ccc8-564b-413d-82e6-d1b502959185.vtt,01:19:17.000,01:45:19.000,C:\Users\dr\Documents\unprompted\data\unpromptedcon-org\presenters\vtt\2026-03-03__Stage-2-Late-Afternoon-Interpret__04__Aaron-Brown__Trajectory-Aware-Post-Training-for-Security-Agen__presenter.vtt,C:\Users\dr\Documents\unprompted\data\unpromptedcon-org\presenters\txt\2026-03-03__Stage-2-Late-Afternoon-Interpret__04__Aaron-Brown__Trajectory-Aware-Post-Training-for-Security-Agen__presenter.txt,,
2026-03-03-Stage-2-Late-Afternoon-Interpretability-Risk-Frameworks-Physical-AI-05-Adam-Krivka-and-Ondrej-Vlcek-AI-Found-12-Zero,2026-03-03,Stage 2 Late Afternoon Interpretability Risk Frameworks Physical AI,5,Adam Krivka and Ondrej Vlcek,AI Found 12 Zero-Days In OpenSSL: What Does It Mean For The Industry?,presenter,C:\Users\dr\Documents\unprompted\data\unpromptedcon-org\vtt\2026-03-03T225057Z__84989988851__dr-at-secwest.net__Stage-2-Late-Afternoon-Interpretability-Risk-Frameworks-Physical-AI__audio_transcript__d649ccc8-564b-413d-82e6-d1b502959185.vtt,01:45:45.000,02:10:15.000,C:\Users\dr\Documents\unprompted\data\unpromptedcon-org\presenters\vtt\2026-03-03__Stage-2-Late-Afternoon-Interpret__05__Adam-Krivka-and-Ondrej-Vlcek__AI-Found-12-Zero-Days-In-OpenSSL-What-Does-It-Me__presenter.vtt,C:\Users\dr\Documents\unprompted\data\unpromptedcon-org\presenters\txt\2026-03-03__Stage-2-Late-Afternoon-Interpret__05__Adam-Krivka-and-Ondrej-Vlcek__AI-Found-12-Zero-Days-In-OpenSSL-What-Does-It-Me__presenter.txt,,
2026-03-04-Stage-1-Morning-Opening-Offensive-AI-macOS-Research-01-Kyle-Rosenthal-Day-2-kickoff-and-mayor-introduction,2026-03-04,Stage 1 Morning Opening Offensive AI macOS Research,1,Kyle Rosenthal,Day 2 kickoff and mayor introduction,host,C:\Users\dr\Documents\unprompted\data\unpromptedcon-org\vtt\2026-03-04T154728Z__85233961465__dr-at-secwest.net__Stage-1-Morning-Opening-Offensive-AI-macOS-Research__audio_transcript__223ba898-07e4-48cd-9797-7a87b1d0cbb3.vtt,00:01:19.000,00:02:09.000,C:\Users\dr\Documents\unprompted\data\unpromptedcon-org\presenters\vtt\2026-03-04__Stage-1-Morning-Opening-Offensiv__01__Kyle-Rosenthal__Day-2-kickoff-and-mayor-introduction__host.vtt,C:\Users\dr\Documents\unprompted\data\unpromptedcon-org\presenters\txt\2026-03-04__Stage-1-Morning-Opening-Offensiv__01__Kyle-Rosenthal__Day-2-kickoff-and-mayor-introduction__host.txt,,
2026-03-04-Stage-1-Morning-Opening-Offensive-AI-macOS-Research-02-Mayor-Daniel-Lurie-Welcome-remarks,2026-03-04,Stage 1 Morning Opening Offensive AI macOS Research,2,Mayor Daniel Lurie,Welcome remarks,presenter,C:\Users\dr\Documents\unprompted\data\unpromptedcon-org\vtt\2026-03-04T154728Z__85233961465__dr-at-secwest.net__Stage-1-Morning-Opening-Offensive-AI-macOS-Research__audio_transcript__223ba898-07e4-48cd-9797-7a87b1d0cbb3.vtt,00:02:17.000,00:07:35.000,C:\Users\dr\Documents\unprompted\data\unpromptedcon-org\presenters\vtt\2026-03-04__Stage-1-Morning-Opening-Offensiv__02__Mayor-Daniel-Lurie__Welcome-remarks__presenter.vtt,C:\Users\dr\Documents\unprompted\data\unpromptedcon-org\presenters\txt\2026-03-04__Stage-1-Morning-Opening-Offensiv__02__Mayor-Daniel-Lurie__Welcome-remarks__presenter.txt,Guest welcome to the conference.,
2026-03-04-Stage-1-Morning-Opening-Offensive-AI-macOS-Research-03-Gadi-Evron-Opening-Words,2026-03-04,Stage 1 Morning Opening Offensive AI macOS Research,3,Gadi Evron,Opening Words,host,C:\Users\dr\Documents\unprompted\data\unpromptedcon-org\vtt\2026-03-04T154728Z__85233961465__dr-at-secwest.net__Stage-1-Morning-Opening-Offensive-AI-macOS-Research__audio_transcript__223ba898-07e4-48cd-9797-7a87b1d0cbb3.vtt,00:08:30.000,00:14:35.000,C:\Users\dr\Documents\unprompted\data\unpromptedcon-org\presenters\vtt\2026-03-04__Stage-1-Morning-Opening-Offensiv__03__Gadi-Evron__Opening-Words__host.vtt,C:\Users\dr\Documents\unprompted\data\unpromptedcon-org\presenters\txt\2026-03-04__Stage-1-Morning-Opening-Offensiv__03__Gadi-Evron__Opening-Words__host.txt,,
2026-03-04-Stage-1-Morning-Opening-Offensive-AI-macOS-Research-04-Rob-Lee-Unscheduled-mini-demo-AI-native-DFIR-and-SIFT-workstat,2026-03-04,Stage 1 Morning Opening Offensive AI macOS Research,4,Rob Lee,Unscheduled mini-demo: AI-native DFIR and SIFT workstation,presenter,C:\Users\dr\Documents\unprompted\data\unpromptedcon-org\vtt\2026-03-04T154728Z__85233961465__dr-at-secwest.net__Stage-1-Morning-Opening-Offensive-AI-macOS-Research__audio_transcript__223ba898-07e4-48cd-9797-7a87b1d0cbb3.vtt,00:14:46.000,00:18:18.000,C:\Users\dr\Documents\unprompted\data\unpromptedcon-org\presenters\vtt\2026-03-04__Stage-1-Morning-Opening-Offensiv__04__Rob-Lee__Unscheduled-mini-demo-AI-native-DFIR-and-SIFT-wo__presenter.vtt,C:\Users\dr\Documents\unprompted\data\unpromptedcon-org\presenters\txt\2026-03-04__Stage-1-Morning-Opening-Offensiv__04__Rob-Lee__Unscheduled-mini-demo-AI-native-DFIR-and-SIFT-wo__presenter.txt,,This unscheduled demo appears before the scheduled Stage 1 talks begin.
2026-03-04-Stage-1-Morning-Opening-Offensive-AI-macOS-Research-05-Glenn-Thorpe-Unscheduled-mini-demo-vibe-coded-conference-agend,2026-03-04,Stage 1 Morning Opening Offensive AI macOS Research,5,Glenn Thorpe,Unscheduled mini-demo: vibe-coded conference agenda app,presenter,C:\Users\dr\Documents\unprompted\data\unpromptedcon-org\vtt\2026-03-04T154728Z__85233961465__dr-at-secwest.net__Stage-1-Morning-Opening-Offensive-AI-macOS-Research__audio_transcript__223ba898-07e4-48cd-9797-7a87b1d0cbb3.vtt,00:19:36.000,00:24:40.000,C:\Users\dr\Documents\unprompted\data\unpromptedcon-org\presenters\vtt\2026-03-04__Stage-1-Morning-Opening-Offensiv__05__Glenn-Thorpe__Unscheduled-mini-demo-vibe-coded-conference-agen__presenter.vtt,C:\Users\dr\Documents\unprompted\data\unpromptedcon-org\presenters\txt\2026-03-04__Stage-1-Morning-Opening-Offensiv__05__Glenn-Thorpe__Unscheduled-mini-demo-vibe-coded-conference-agen__presenter.txt,,This unscheduled demo appears before the scheduled Stage 1 talks begin.
2026-03-04-Stage-1-Morning-Opening-Offensive-AI-macOS-Research-06-Unidentified-speaker-Community-remarks-on-communicating-AI-and,2026-03-04,Stage 1 Morning Opening Offensive AI macOS Research,6,Unidentified speaker,Community remarks on communicating AI and security change,presenter,C:\Users\dr\Documents\unprompted\data\unpromptedcon-org\vtt\2026-03-04T154728Z__85233961465__dr-at-secwest.net__Stage-1-Morning-Opening-Offensive-AI-macOS-Research__audio_transcript__223ba898-07e4-48cd-9797-7a87b1d0cbb3.vtt,00:25:15.000,00:29:18.000,C:\Users\dr\Documents\unprompted\data\unpromptedcon-org\presenters\vtt\2026-03-04__Stage-1-Morning-Opening-Offensiv__06__Unidentified-speaker__Community-remarks-on-communicating-AI-and-securi__presenter.vtt,C:\Users\dr\Documents\unprompted\data\unpromptedcon-org\presenters\txt\2026-03-04__Stage-1-Morning-Opening-Offensiv__06__Unidentified-speaker__Community-remarks-on-communicating-AI-and-securi__presenter.txt,The speaker name is too garbled in the transcript to identify confidently.,This unscheduled community segment appears before the scheduled Stage 1 talks begin.
2026-03-04-Stage-1-Morning-Opening-Offensive-AI-macOS-Research-07-Gadi-Evron-Inserted-Zenity-stand-in-presentation,2026-03-04,Stage 1 Morning Opening Offensive AI macOS Research,7,Gadi Evron,Inserted Zenity stand-in presentation,presenter,C:\Users\dr\Documents\unprompted\data\unpromptedcon-org\vtt\2026-03-04T154728Z__85233961465__dr-at-secwest.net__Stage-1-Morning-Opening-Offensive-AI-macOS-Research__audio_transcript__223ba898-07e4-48cd-9797-7a87b1d0cbb3.vtt,00:30:41.000,00:37:28.000,C:\Users\dr\Documents\unprompted\data\unpromptedcon-org\presenters\vtt\2026-03-04__Stage-1-Morning-Opening-Offensiv__07__Gadi-Evron__Inserted-Zenity-stand-in-presentation__presenter.vtt,C:\Users\dr\Documents\unprompted\data\unpromptedcon-org\presenters\txt\2026-03-04__Stage-1-Morning-Opening-Offensiv__07__Gadi-Evron__Inserted-Zenity-stand-in-presentation__presenter.txt,Gadi explicitly says he is presenting Zenity's slides because the speaker could not get out of Israel.,A Zenity stand-in talk was inserted here; the official public title is uncertain from the transcript content.
2026-03-04-Stage-1-Morning-Opening-Offensive-AI-macOS-Research-08-Gadi-Evron-Bridge-and-Dan-Guido-introduction,2026-03-04,Stage 1 Morning Opening Offensive AI macOS Research,8,Gadi Evron,Bridge and Dan Guido introduction,host,C:\Users\dr\Documents\unprompted\data\unpromptedcon-org\vtt\2026-03-04T154728Z__85233961465__dr-at-secwest.net__Stage-1-Morning-Opening-Offensive-AI-macOS-Research__audio_transcript__223ba898-07e4-48cd-9797-7a87b1d0cbb3.vtt,00:37:34.000,00:39:50.000,C:\Users\dr\Documents\unprompted\data\unpromptedcon-org\presenters\vtt\2026-03-04__Stage-1-Morning-Opening-Offensiv__08__Gadi-Evron__Bridge-and-Dan-Guido-introduction__host.vtt,C:\Users\dr\Documents\unprompted\data\unpromptedcon-org\presenters\txt\2026-03-04__Stage-1-Morning-Opening-Offensiv__08__Gadi-Evron__Bridge-and-Dan-Guido-introduction__host.txt,Separated because the user requested Gadi's host remarks be split out.,
2026-03-04-Stage-1-Morning-Opening-Offensive-AI-macOS-Research-09-Dan-Guido-200-Bugs-Week-Engineer-How-We-Rebuilt-Trail-of-Bits,2026-03-04,Stage 1 Morning Opening Offensive AI macOS Research,9,Dan Guido,200 Bugs/Week/Engineer: How We Rebuilt Trail of Bits Around AI,presenter,C:\Users\dr\Documents\unprompted\data\unpromptedcon-org\vtt\2026-03-04T154728Z__85233961465__dr-at-secwest.net__Stage-1-Morning-Opening-Offensive-AI-macOS-Research__audio_transcript__223ba898-07e4-48cd-9797-7a87b1d0cbb3.vtt,00:39:50.000,01:07:30.000,C:\Users\dr\Documents\unprompted\data\unpromptedcon-org\presenters\vtt\2026-03-04__Stage-1-Morning-Opening-Offensiv__09__Dan-Guido__200-Bugs-Week-Engineer-How-We-Rebuilt-Trail-of-B__presenter.vtt,C:\Users\dr\Documents\unprompted\data\unpromptedcon-org\presenters\txt\2026-03-04__Stage-1-Morning-Opening-Offensiv__09__Dan-Guido__200-Bugs-Week-Engineer-How-We-Rebuilt-Trail-of-B__presenter.txt,,
2026-03-04-Stage-1-Morning-Opening-Offensive-AI-macOS-Research-10-Sergej-Epp-8-Minutes-to-Admin-Welcome-to-VibeHacking,2026-03-04,Stage 1 Morning Opening Offensive AI macOS Research,10,Sergej Epp,8 Minutes to Admin: Welcome to VibeHacking,presenter,C:\Users\dr\Documents\unprompted\data\unpromptedcon-org\vtt\2026-03-04T154728Z__85233961465__dr-at-secwest.net__Stage-1-Morning-Opening-Offensive-AI-macOS-Research__audio_transcript__223ba898-07e4-48cd-9797-7a87b1d0cbb3.vtt,01:07:38.000,01:25:08.000,C:\Users\dr\Documents\unprompted\data\unpromptedcon-org\presenters\vtt\2026-03-04__Stage-1-Morning-Opening-Offensiv__10__Sergej-Epp__8-Minutes-to-Admin-Welcome-to-VibeHacking__presenter.vtt,C:\Users\dr\Documents\unprompted\data\unpromptedcon-org\presenters\txt\2026-03-04__Stage-1-Morning-Opening-Offensiv__10__Sergej-Epp__8-Minutes-to-Admin-Welcome-to-VibeHacking__presenter.txt,,
2026-03-04-Stage-1-Morning-Opening-Offensive-AI-macOS-Research-11-Gadi-Evron-Olivia-Gallucci-introduction,2026-03-04,Stage 1 Morning Opening Offensive AI macOS Research,11,Gadi Evron,Olivia Gallucci introduction,host,C:\Users\dr\Documents\unprompted\data\unpromptedcon-org\vtt\2026-03-04T154728Z__85233961465__dr-at-secwest.net__Stage-1-Morning-Opening-Offensive-AI-macOS-Research__audio_transcript__223ba898-07e4-48cd-9797-7a87b1d0cbb3.vtt,01:25:08.000,01:26:32.000,C:\Users\dr\Documents\unprompted\data\unpromptedcon-org\presenters\vtt\2026-03-04__Stage-1-Morning-Opening-Offensiv__11__Gadi-Evron__Olivia-Gallucci-introduction__host.vtt,C:\Users\dr\Documents\unprompted\data\unpromptedcon-org\presenters\txt\2026-03-04__Stage-1-Morning-Opening-Offensiv__11__Gadi-Evron__Olivia-Gallucci-introduction__host.txt,,
2026-03-04-Stage-1-Morning-Opening-Offensive-AI-macOS-Research-12-Olivia-Gallucci-macOS-Vulnerability-Research-with-AI-Agents,2026-03-04,Stage 1 Morning Opening Offensive AI macOS Research,12,Olivia Gallucci,macOS Vulnerability Research with AI Agents,presenter,C:\Users\dr\Documents\unprompted\data\unpromptedcon-org\vtt\2026-03-04T154728Z__85233961465__dr-at-secwest.net__Stage-1-Morning-Opening-Offensive-AI-macOS-Research__audio_transcript__223ba898-07e4-48cd-9797-7a87b1d0cbb3.vtt,01:26:32.000,01:47:15.000,C:\Users\dr\Documents\unprompted\data\unpromptedcon-org\presenters\vtt\2026-03-04__Stage-1-Morning-Opening-Offensiv__12__Olivia-Gallucci__macOS-Vulnerability-Research-with-AI-Agents__presenter.vtt,C:\Users\dr\Documents\unprompted\data\unpromptedcon-org\presenters\txt\2026-03-04__Stage-1-Morning-Opening-Offensiv__12__Olivia-Gallucci__macOS-Vulnerability-Research-with-AI-Agents__presenter.txt,,
2026-03-04-Stage-1-Late-Morning-Bug-Hunting-Red-Teaming-Secure-Agents-01-Georgi-G-Prompt2Pwn-LLMs-Winning-at-Pwn2Own,2026-03-04,Stage 1 Late Morning Bug Hunting Red Teaming Secure Agents,1,Georgi G,Prompt2Pwn: LLMs Winning at Pwn2Own,presenter,C:\Users\dr\Documents\unprompted\data\unpromptedcon-org\vtt\2026-03-04T185407Z__87222654977__dr-at-secwest.net__Stage-1-Late-Morning-Bug-Hunting-Red-Teaming-Secure-Agents__audio_transcript__06821b5f-9ea8-4b4b-ab90-775c13e48413.vtt,00:01:41.000,00:26:32.000,C:\Users\dr\Documents\unprompted\data\unpromptedcon-org\presenters\vtt\2026-03-04__Stage-1-Late-Morning-Bug-Hunting__01__Georgi-G__Prompt2Pwn-LLMs-Winning-at-Pwn2Own__presenter.vtt,C:\Users\dr\Documents\unprompted\data\unpromptedcon-org\presenters\txt\2026-03-04__Stage-1-Late-Morning-Bug-Hunting__01__Georgi-G__Prompt2Pwn-LLMs-Winning-at-Pwn2Own__presenter.txt,,
2026-03-04-Stage-1-Late-Morning-Bug-Hunting-Red-Teaming-Secure-Agents-02-Andrew-Bullen-Breaking-the-Lethal-Trifecta-Without-Ruin,2026-03-04,Stage 1 Late Morning Bug Hunting Red Teaming Secure Agents,2,Andrew Bullen,Breaking the Lethal Trifecta (Without Ruining Your Agents),presenter,C:\Users\dr\Documents\unprompted\data\unpromptedcon-org\vtt\2026-03-04T185407Z__87222654977__dr-at-secwest.net__Stage-1-Late-Morning-Bug-Hunting-Red-Teaming-Secure-Agents__audio_transcript__06821b5f-9ea8-4b4b-ab90-775c13e48413.vtt,00:27:49.000,00:47:01.000,C:\Users\dr\Documents\unprompted\data\unpromptedcon-org\presenters\vtt\2026-03-04__Stage-1-Late-Morning-Bug-Hunting__02__Andrew-Bullen__Breaking-the-Lethal-Trifecta-Without-Ruining-You__presenter.vtt,C:\Users\dr\Documents\unprompted\data\unpromptedcon-org\presenters\txt\2026-03-04__Stage-1-Late-Morning-Bug-Hunting__02__Andrew-Bullen__Breaking-the-Lethal-Trifecta-Without-Ruining-You__presenter.txt,,
2026-03-04-Stage-1-Late-Morning-Bug-Hunting-Red-Teaming-Secure-Agents-03-Brooks-McMillin-Building-Secure-Agentic-Systems-Lessons,2026-03-04,Stage 1 Late Morning Bug Hunting Red Teaming Secure Agents,3,Brooks McMillin,Building Secure Agentic Systems: Lessons from Daily-Driver Agents,presenter,C:\Users\dr\Documents\unprompted\data\unpromptedcon-org\vtt\2026-03-04T185407Z__87222654977__dr-at-secwest.net__Stage-1-Late-Morning-Bug-Hunting-Red-Teaming-Secure-Agents__audio_transcript__06821b5f-9ea8-4b4b-ab90-775c13e48413.vtt,00:47:12.000,01:09:29.000,C:\Users\dr\Documents\unprompted\data\unpromptedcon-org\presenters\vtt\2026-03-04__Stage-1-Late-Morning-Bug-Hunting__03__Brooks-McMillin__Building-Secure-Agentic-Systems-Lessons-from-Dai__presenter.vtt,C:\Users\dr\Documents\unprompted\data\unpromptedcon-org\presenters\txt\2026-03-04__Stage-1-Late-Morning-Bug-Hunting__03__Brooks-McMillin__Building-Secure-Agentic-Systems-Lessons-from-Dai__presenter.txt,,
2026-03-04-Stage-1-Late-Morning-Bug-Hunting-Red-Teaming-Secure-Agents-04-Mudita-Khurana-Rethinking-Security-Agent-Evaluation,2026-03-04,Stage 1 Late Morning Bug Hunting Red Teaming Secure Agents,4,Mudita Khurana,Rethinking Security Agent Evaluation,presenter,C:\Users\dr\Documents\unprompted\data\unpromptedcon-org\vtt\2026-03-04T185407Z__87222654977__dr-at-secwest.net__Stage-1-Late-Morning-Bug-Hunting-Red-Teaming-Secure-Agents__audio_transcript__06821b5f-9ea8-4b4b-ab90-775c13e48413.vtt,01:09:50.000,01:19:50.000,C:\Users\dr\Documents\unprompted\data\unpromptedcon-org\presenters\vtt\2026-03-04__Stage-1-Late-Morning-Bug-Hunting__04__Mudita-Khurana__Rethinking-Security-Agent-Evaluation__presenter.vtt,C:\Users\dr\Documents\unprompted\data\unpromptedcon-org\presenters\txt\2026-03-04__Stage-1-Late-Morning-Bug-Hunting__04__Mudita-Khurana__Rethinking-Security-Agent-Evaluation__presenter.txt,,Mudita Khurana's talk appears here at the end of late morning rather than in the early-afternoon file.
2026-03-04-Stage-1-Early-Afternoon-Securing-GenAI-at-Scale-01-Nicolas-Lidzborski-Securing-Workspace-GenAI-at-Google-Speed-Surviv,2026-03-04,Stage 1 Early Afternoon Securing GenAI at Scale,1,Nicolas Lidzborski,Securing Workspace GenAI at Google Speed: Surviving the Perfect Storm,presenter,C:\Users\dr\Documents\unprompted\data\unpromptedcon-org\vtt\2026-03-04T211446Z__84833379255__dr-at-secwest.net__Stage-1-Early-Afternoon-Securing-GenAI-at-Scale__audio_transcript__8056cf4c-125b-4f77-95bd-4d25af4349a4.vtt,00:02:29.000,00:28:03.000,C:\Users\dr\Documents\unprompted\data\unpromptedcon-org\presenters\vtt\2026-03-04__Stage-1-Early-Afternoon-Securing__01__Nicolas-Lidzborski__Securing-Workspace-GenAI-at-Google-Speed-Survivi__presenter.vtt,C:\Users\dr\Documents\unprompted\data\unpromptedcon-org\presenters\txt\2026-03-04__Stage-1-Early-Afternoon-Securing__01__Nicolas-Lidzborski__Securing-Workspace-GenAI-at-Google-Speed-Survivi__presenter.txt,,
2026-03-04-Stage-1-Early-Afternoon-Securing-GenAI-at-Scale-02-Josiah-Pitakale-Operation-Pale-Fire-Red-Teaming-Our-Own-AI-Agent,2026-03-04,Stage 1 Early Afternoon Securing GenAI at Scale,2,Josiah Pitakale,Operation Pale Fire: Red-Teaming Our Own AI Agent,presenter,C:\Users\dr\Documents\unprompted\data\unpromptedcon-org\vtt\2026-03-04T211446Z__84833379255__dr-at-secwest.net__Stage-1-Early-Afternoon-Securing-GenAI-at-Scale__audio_transcript__8056cf4c-125b-4f77-95bd-4d25af4349a4.vtt,00:29:01.000,00:50:28.000,C:\Users\dr\Documents\unprompted\data\unpromptedcon-org\presenters\vtt\2026-03-04__Stage-1-Early-Afternoon-Securing__02__Josiah-Pitakale__Operation-Pale-Fire-Red-Teaming-Our-Own-AI-Agent__presenter.vtt,C:\Users\dr\Documents\unprompted\data\unpromptedcon-org\presenters\txt\2026-03-04__Stage-1-Early-Afternoon-Securing__02__Josiah-Pitakale__Operation-Pale-Fire-Red-Teaming-Our-Own-AI-Agent__presenter.txt,The transcript identifies Josiah as the speaker while crediting Wes Ring and the Block team.,
2026-03-04-Stage-1-Early-Afternoon-Securing-GenAI-at-Scale-03-Kyle-Polley-Training-BrowseSafe-Prompt-Injection-in-Browser-Agents,2026-03-04,Stage 1 Early Afternoon Securing GenAI at Scale,3,Kyle Polley,Training BrowseSafe: Prompt Injection in Browser Agents,presenter,C:\Users\dr\Documents\unprompted\data\unpromptedcon-org\vtt\2026-03-04T211446Z__84833379255__dr-at-secwest.net__Stage-1-Early-Afternoon-Securing-GenAI-at-Scale__audio_transcript__8056cf4c-125b-4f77-95bd-4d25af4349a4.vtt,00:50:44.000,01:20:23.000,C:\Users\dr\Documents\unprompted\data\unpromptedcon-org\presenters\vtt\2026-03-04__Stage-1-Early-Afternoon-Securing__03__Kyle-Polley__Training-BrowseSafe-Prompt-Injection-in-Browser__presenter.vtt,C:\Users\dr\Documents\unprompted\data\unpromptedcon-org\presenters\txt\2026-03-04__Stage-1-Early-Afternoon-Securing__03__Kyle-Polley__Training-BrowseSafe-Prompt-Injection-in-Browser__presenter.txt,,Kyle Polley's talk appears here instead of the later afternoon block listed publicly.
2026-03-04-Stage-1-Late-Afternoon-Threat-Intel-Deception-Promptware-01-Arthi-Nagarajan-Exploring-the-AI-Automation-Boundary-for,2026-03-04,Stage 1 Late Afternoon Threat Intel Deception Promptware,1,Arthi Nagarajan,Exploring the AI Automation Boundary for Threat Hunting,presenter,C:\Users\dr\Documents\unprompted\data\unpromptedcon-org\vtt\2026-03-04T225103Z__86986364381__dr-at-secwest.net__Stage-1-Late-Afternoon-Threat-Intel-Deception-Promptware__audio_transcript__14e9ad12-0df1-4dde-bfda-9b09261f53f3.vtt,00:01:32.000,00:24:18.000,C:\Users\dr\Documents\unprompted\data\unpromptedcon-org\presenters\vtt\2026-03-04__Stage-1-Late-Afternoon-Threat-In__01__Arthi-Nagarajan__Exploring-the-AI-Automation-Boundary-for-Threat__presenter.vtt,C:\Users\dr\Documents\unprompted\data\unpromptedcon-org\presenters\txt\2026-03-04__Stage-1-Late-Afternoon-Threat-In__01__Arthi-Nagarajan__Exploring-the-AI-Automation-Boundary-for-Threat__presenter.txt,,
2026-03-04-Stage-1-Late-Afternoon-Threat-Intel-Deception-Promptware-02-boB-Rudis-and-Glenn-Thorpe-Detection-Deception-Engineerin,2026-03-04,Stage 1 Late Afternoon Threat Intel Deception Promptware,2,boB Rudis and Glenn Thorpe,Detection & Deception Engineering in the Matrix,presenter,C:\Users\dr\Documents\unprompted\data\unpromptedcon-org\vtt\2026-03-04T225103Z__86986364381__dr-at-secwest.net__Stage-1-Late-Afternoon-Threat-Intel-Deception-Promptware__audio_transcript__14e9ad12-0df1-4dde-bfda-9b09261f53f3.vtt,00:24:32.000,00:49:53.000,C:\Users\dr\Documents\unprompted\data\unpromptedcon-org\presenters\vtt\2026-03-04__Stage-1-Late-Afternoon-Threat-In__02__boB-Rudis-and-Glenn-Thorpe__Detection-Deception-Engineering-in-the-Matrix__presenter.vtt,C:\Users\dr\Documents\unprompted\data\unpromptedcon-org\presenters\txt\2026-03-04__Stage-1-Late-Afternoon-Threat-In__02__boB-Rudis-and-Glenn-Thorpe__Detection-Deception-Engineering-in-the-Matrix__presenter.txt,,
2026-03-04-Stage-1-Late-Afternoon-Threat-Intel-Deception-Promptware-03-Community-speakers-Open-flash-talks-and-conference-closin,2026-03-04,Stage 1 Late Afternoon Threat Intel Deception Promptware,3,Community speakers,Open flash talks and conference closing,discussion,C:\Users\dr\Documents\unprompted\data\unpromptedcon-org\vtt\2026-03-04T225103Z__86986364381__dr-at-secwest.net__Stage-1-Late-Afternoon-Threat-Intel-Deception-Promptware__audio_transcript__14e9ad12-0df1-4dde-bfda-9b09261f53f3.vtt,00:53:14.000,01:27:21.000,C:\Users\dr\Documents\unprompted\data\unpromptedcon-org\presenters\vtt\2026-03-04__Stage-1-Late-Afternoon-Threat-In__03__Community-speakers__Open-flash-talks-and-conference-closing__discussion.vtt,C:\Users\dr\Documents\unprompted\data\unpromptedcon-org\presenters\txt\2026-03-04__Stage-1-Late-Afternoon-Threat-In__03__Community-speakers__Open-flash-talks-and-conference-closing__discussion.txt,Open-mic closing block with multiple brief speakers including Chris Blanco and others.,The scheduled Chris Cochran lightning talk is not clearly present here; instead the file ends with open flash talks.
2026-03-04-Stage-2-Morning-Agent-Recon-IDE-Attacks-Capability-Auth-01-Rowie-Unscheduled-agent-reconnaissance-talk,2026-03-04,Stage 2 Morning Agent Recon IDE Attacks Capability Auth,1,Rowie,Unscheduled agent reconnaissance talk,presenter,C:\Users\dr\Documents\unprompted\data\unpromptedcon-org\vtt\2026-03-04T154833Z__89954966102__dr-at-secwest.net__Stage-2-Morning-Agent-Recon-IDE-Attacks-Capability-Auth__audio_transcript__edd74662-a38d-423d-8fdf-09a855eaff50.vtt,00:00:24.895,00:20:53.035,C:\Users\dr\Documents\unprompted\data\unpromptedcon-org\presenters\vtt\2026-03-04__Stage-2-Morning-Agent-Recon-IDE__01__Rowie__Unscheduled-agent-reconnaissance-talk__presenter.vtt,C:\Users\dr\Documents\unprompted\data\unpromptedcon-org\presenters\txt\2026-03-04__Stage-2-Morning-Agent-Recon-IDE__01__Rowie__Unscheduled-agent-reconnaissance-talk__presenter.txt,The speaker self-identifies as Rowie and describes a 20-minute session about agent reconnaissance.,This talk is not part of the published Stage 2 morning agenda.
2026-03-04-Stage-2-Morning-Agent-Recon-IDE-Attacks-Capability-Auth-02-Johann-Rehberger-Your-Agent-Works-for-Me-Now,2026-03-04,Stage 2 Morning Agent Recon IDE Attacks Capability Auth,2,Johann Rehberger,Your Agent Works for Me Now,presenter,C:\Users\dr\Documents\unprompted\data\unpromptedcon-org\vtt\2026-03-04T154833Z__89954966102__dr-at-secwest.net__Stage-2-Morning-Agent-Recon-IDE-Attacks-Capability-Auth__audio_transcript__edd74662-a38d-423d-8fdf-09a855eaff50.vtt,00:20:53.035,00:46:31.465,C:\Users\dr\Documents\unprompted\data\unpromptedcon-org\presenters\vtt\2026-03-04__Stage-2-Morning-Agent-Recon-IDE__02__Johann-Rehberger__Your-Agent-Works-for-Me-Now__presenter.vtt,C:\Users\dr\Documents\unprompted\data\unpromptedcon-org\presenters\txt\2026-03-04__Stage-2-Morning-Agent-Recon-IDE__02__Johann-Rehberger__Your-Agent-Works-for-Me-Now__presenter.txt,,Johann Rehberger's talk appears in the morning file instead of the later block suggested by the public agenda.
2026-03-04-Stage-2-Morning-Agent-Recon-IDE-Attacks-Capability-Auth-03-Gadi-Evron-Lightning-talk-challenge-before-Niki-Aimable-Ni,2026-03-04,Stage 2 Morning Agent Recon IDE Attacks Capability Auth,3,Gadi Evron,Lightning-talk challenge before Niki Aimable Niyikiza,host,C:\Users\dr\Documents\unprompted\data\unpromptedcon-org\vtt\2026-03-04T154833Z__89954966102__dr-at-secwest.net__Stage-2-Morning-Agent-Recon-IDE-Attacks-Capability-Auth__audio_transcript__edd74662-a38d-423d-8fdf-09a855eaff50.vtt,00:46:31.465,00:47:12.095,C:\Users\dr\Documents\unprompted\data\unpromptedcon-org\presenters\vtt\2026-03-04__Stage-2-Morning-Agent-Recon-IDE__03__Gadi-Evron__Lightning-talk-challenge-before-Niki-Aimable-Niy__host.vtt,C:\Users\dr\Documents\unprompted\data\unpromptedcon-org\presenters\txt\2026-03-04__Stage-2-Morning-Agent-Recon-IDE__03__Gadi-Evron__Lightning-talk-challenge-before-Niki-Aimable-Niy__host.txt,,
2026-03-04-Stage-2-Morning-Agent-Recon-IDE-Attacks-Capability-Auth-04-Niki-Aimable-Niyikiza-Capability-Based-Authorization-for-A,2026-03-04,Stage 2 Morning Agent Recon IDE Attacks Capability Auth,4,Niki Aimable Niyikiza,Capability-Based Authorization for AI Agents,presenter,C:\Users\dr\Documents\unprompted\data\unpromptedcon-org\vtt\2026-03-04T154833Z__89954966102__dr-at-secwest.net__Stage-2-Morning-Agent-Recon-IDE-Attacks-Capability-Auth__audio_transcript__edd74662-a38d-423d-8fdf-09a855eaff50.vtt,00:47:12.095,01:15:49.545,C:\Users\dr\Documents\unprompted\data\unpromptedcon-org\presenters\vtt\2026-03-04__Stage-2-Morning-Agent-Recon-IDE__04__Niki-Aimable-Niyikiza__Capability-Based-Authorization-for-AI-Agents__presenter.vtt,C:\Users\dr\Documents\unprompted\data\unpromptedcon-org\presenters\txt\2026-03-04__Stage-2-Morning-Agent-Recon-IDE__04__Niki-Aimable-Niyikiza__Capability-Based-Authorization-for-AI-Agents__presenter.txt,,
2026-03-04-Stage-2-Morning-Agent-Recon-IDE-Attacks-Capability-Auth-05-Gadi-Evron-Host-intro-for-surprise-lightning-talk,2026-03-04,Stage 2 Morning Agent Recon IDE Attacks Capability Auth,5,Gadi Evron,Host intro for surprise lightning talk,host,C:\Users\dr\Documents\unprompted\data\unpromptedcon-org\vtt\2026-03-04T154833Z__89954966102__dr-at-secwest.net__Stage-2-Morning-Agent-Recon-IDE-Attacks-Capability-Auth__audio_transcript__edd74662-a38d-423d-8fdf-09a855eaff50.vtt,01:15:49.545,01:16:24.255,C:\Users\dr\Documents\unprompted\data\unpromptedcon-org\presenters\vtt\2026-03-04__Stage-2-Morning-Agent-Recon-IDE__05__Gadi-Evron__Host-intro-for-surprise-lightning-talk__host.vtt,C:\Users\dr\Documents\unprompted\data\unpromptedcon-org\presenters\txt\2026-03-04__Stage-2-Morning-Agent-Recon-IDE__05__Gadi-Evron__Host-intro-for-surprise-lightning-talk__host.txt,,
2026-03-04-Stage-2-Morning-Agent-Recon-IDE-Attacks-Capability-Auth-06-Jackson-Are-You-Thinking-What-I-m-Thinking,2026-03-04,Stage 2 Morning Agent Recon IDE Attacks Capability Auth,6,Jackson,Are You Thinking What I'm Thinking?,presenter,C:\Users\dr\Documents\unprompted\data\unpromptedcon-org\vtt\2026-03-04T154833Z__89954966102__dr-at-secwest.net__Stage-2-Morning-Agent-Recon-IDE-Attacks-Capability-Auth__audio_transcript__edd74662-a38d-423d-8fdf-09a855eaff50.vtt,01:16:24.255,01:21:49.905,C:\Users\dr\Documents\unprompted\data\unpromptedcon-org\presenters\vtt\2026-03-04__Stage-2-Morning-Agent-Recon-IDE__06__Jackson__Are-You-Thinking-What-I-m-Thinking__presenter.vtt,C:\Users\dr\Documents\unprompted\data\unpromptedcon-org\presenters\txt\2026-03-04__Stage-2-Morning-Agent-Recon-IDE__06__Jackson__Are-You-Thinking-What-I-m-Thinking__presenter.txt,,This lightning talk was explicitly described as a surprise addition that was not on the schedule.
2026-03-04-Stage-2-Morning-Agent-Recon-IDE-Attacks-Capability-Auth-07-Xenia-Mountrouidou-Traditional-ML-vs-LLMs-Who-Can-Classify,2026-03-04,Stage 2 Morning Agent Recon IDE Attacks Capability Auth,7,Xenia Mountrouidou,Traditional ML vs LLMs: Who Can Classify Better?,presenter,C:\Users\dr\Documents\unprompted\data\unpromptedcon-org\vtt\2026-03-04T154833Z__89954966102__dr-at-secwest.net__Stage-2-Morning-Agent-Recon-IDE-Attacks-Capability-Auth__audio_transcript__edd74662-a38d-423d-8fdf-09a855eaff50.vtt,01:21:49.905,01:29:19.785,C:\Users\dr\Documents\unprompted\data\unpromptedcon-org\presenters\vtt\2026-03-04__Stage-2-Morning-Agent-Recon-IDE__07__Xenia-Mountrouidou__Traditional-ML-vs-LLMs-Who-Can-Classify-Better__presenter.vtt,C:\Users\dr\Documents\unprompted\data\unpromptedcon-org\presenters\txt\2026-03-04__Stage-2-Morning-Agent-Recon-IDE__07__Xenia-Mountrouidou__Traditional-ML-vs-LLMs-Who-Can-Classify-Better__presenter.txt,,Xenia's talk appears in the morning file instead of the final late-afternoon block listed publicly.
2026-03-04-Stage-2-Late-Morning-Secure-Coding-Prompt-Injection-Policy-Enforcement-01-Srajan-Gupta-Injecting-Security-Context-Dur,2026-03-04,Stage 2 Late Morning Secure Coding Prompt Injection Policy Enforcement,1,Srajan Gupta,Injecting Security Context During Vibe Coding,presenter,C:\Users\dr\Documents\unprompted\data\unpromptedcon-org\vtt\2026-03-04T185503Z__89375426759__dr-at-secwest.net__Stage-2-Late-Morning-Secure-Coding-Prompt-Injection-Policy-Enforcement__audio_transcript__1974b177-b9d2-4ab2-9c85-24f4835ae7bc.vtt,00:01:33.891,00:25:35.731,C:\Users\dr\Documents\unprompted\data\unpromptedcon-org\presenters\vtt\2026-03-04__Stage-2-Late-Morning-Secure-Codi__01__Srajan-Gupta__Injecting-Security-Context-During-Vibe-Coding__presenter.vtt,C:\Users\dr\Documents\unprompted\data\unpromptedcon-org\presenters\txt\2026-03-04__Stage-2-Late-Morning-Secure-Codi__01__Srajan-Gupta__Injecting-Security-Context-During-Vibe-Coding__presenter.txt,,
2026-03-04-Stage-2-Late-Morning-Secure-Coding-Prompt-Injection-Policy-Enforcement-02-Justice-Cassell-and-Scott-Behrens-Source-to,2026-03-04,Stage 2 Late Morning Secure Coding Prompt Injection Policy Enforcement,2,Justice Cassell and Scott Behrens,Source to Sink: LLM First-Party Vuln Discovery,presenter,C:\Users\dr\Documents\unprompted\data\unpromptedcon-org\vtt\2026-03-04T185503Z__89375426759__dr-at-secwest.net__Stage-2-Late-Morning-Secure-Coding-Prompt-Injection-Policy-Enforcement__audio_transcript__1974b177-b9d2-4ab2-9c85-24f4835ae7bc.vtt,00:25:35.731,00:53:19.141,C:\Users\dr\Documents\unprompted\data\unpromptedcon-org\presenters\vtt\2026-03-04__Stage-2-Late-Morning-Secure-Codi__02__Justice-Cassell-and-Scott-Behrens__Source-to-Sink-LLM-First-Party-Vuln-Discovery__presenter.vtt,C:\Users\dr\Documents\unprompted\data\unpromptedcon-org\presenters\txt\2026-03-04__Stage-2-Late-Morning-Secure-Codi__02__Justice-Cassell-and-Scott-Behrens__Source-to-Sink-LLM-First-Party-Vuln-Discovery__presenter.txt,Justice Cassell is the clearly audible co-speaker alongside Scott Behrens.,
2026-03-04-Stage-2-Late-Morning-Secure-Coding-Prompt-Injection-Policy-Enforcement-03-Joey-Melo-The-Parseltongue-Protocol-100-Tex,2026-03-04,Stage 2 Late Morning Secure Coding Prompt Injection Policy Enforcement,3,Joey Melo,The Parseltongue Protocol: 100+ Textual Obfuscation Methods,presenter,C:\Users\dr\Documents\unprompted\data\unpromptedcon-org\vtt\2026-03-04T185503Z__89375426759__dr-at-secwest.net__Stage-2-Late-Morning-Secure-Coding-Prompt-Injection-Policy-Enforcement__audio_transcript__1974b177-b9d2-4ab2-9c85-24f4835ae7bc.vtt,00:53:19.141,01:12:32.501,C:\Users\dr\Documents\unprompted\data\unpromptedcon-org\presenters\vtt\2026-03-04__Stage-2-Late-Morning-Secure-Codi__03__Joey-Melo__The-Parseltongue-Protocol-100-Textual-Obfuscatio__presenter.vtt,C:\Users\dr\Documents\unprompted\data\unpromptedcon-org\presenters\txt\2026-03-04__Stage-2-Late-Morning-Secure-Codi__03__Joey-Melo__The-Parseltongue-Protocol-100-Textual-Obfuscatio__presenter.txt,,
2026-03-04-Stage-2-Late-Morning-Secure-Coding-Prompt-Injection-Policy-Enforcement-04-Jenny-Guanni-Qu-Why-Most-ML-Vulnerability-D,2026-03-04,Stage 2 Late Morning Secure Coding Prompt Injection Policy Enforcement,4,Jenny Guanni Qu,Why Most ML Vulnerability Detection Fails,presenter,C:\Users\dr\Documents\unprompted\data\unpromptedcon-org\vtt\2026-03-04T185503Z__89375426759__dr-at-secwest.net__Stage-2-Late-Morning-Secure-Coding-Prompt-Injection-Policy-Enforcement__audio_transcript__1974b177-b9d2-4ab2-9c85-24f4835ae7bc.vtt,01:12:32.501,01:25:19.671,C:\Users\dr\Documents\unprompted\data\unpromptedcon-org\presenters\vtt\2026-03-04__Stage-2-Late-Morning-Secure-Codi__04__Jenny-Guanni-Qu__Why-Most-ML-Vulnerability-Detection-Fails__presenter.vtt,C:\Users\dr\Documents\unprompted\data\unpromptedcon-org\presenters\txt\2026-03-04__Stage-2-Late-Morning-Secure-Codi__04__Jenny-Guanni-Qu__Why-Most-ML-Vulnerability-Detection-Fails__presenter.txt,,Jenny's talk appears here rather than in the final late-afternoon block.
2026-03-04-Stage-2-Early-Afternoon-SOC-Automation-AI-Guarantees-Threat-Hunting-01-Millie-and-Matt-Rittinghouse-1.8M-Prompts-30-A,2026-03-04,Stage 2 Early Afternoon SOC Automation AI Guarantees Threat Hunting,1,Millie and Matt Rittinghouse,"1.8M Prompts, 30 Alerts: Hunting Abuse in Agent Ecosystem",presenter,C:\Users\dr\Documents\unprompted\data\unpromptedcon-org\vtt\2026-03-04T211531Z__87174872040__dr-at-secwest.net__Stage-2-Early-Afternoon-SOC-Automation-AI-Guarantees-Threat-Hunting__audio_transcript__2ed64979-9011-443c-bec1-8a9dc2da9ea7.vtt,00:00:01.771,00:21:47.701,C:\Users\dr\Documents\unprompted\data\unpromptedcon-org\presenters\vtt\2026-03-04__Stage-2-Early-Afternoon-SOC-Auto__01__Millie-and-Matt-Rittinghouse__1.8M-Prompts-30-Alerts-Hunting-Abuse-in-Agent-Ec__presenter.vtt,C:\Users\dr\Documents\unprompted\data\unpromptedcon-org\presenters\txt\2026-03-04__Stage-2-Early-Afternoon-SOC-Auto__01__Millie-and-Matt-Rittinghouse__1.8M-Prompts-30-Alerts-Hunting-Abuse-in-Agent-Ec__presenter.txt,,This talk appears at the start of the early-afternoon file rather than in the public late-morning slot.
2026-03-04-Stage-2-Early-Afternoon-SOC-Automation-AI-Guarantees-Threat-Hunting-02-Gadi-Evron-Transition-to-Ilia-Shumailov,2026-03-04,Stage 2 Early Afternoon SOC Automation AI Guarantees Threat Hunting,2,Gadi Evron,Transition to Ilia Shumailov,host,C:\Users\dr\Documents\unprompted\data\unpromptedcon-org\vtt\2026-03-04T211531Z__87174872040__dr-at-secwest.net__Stage-2-Early-Afternoon-SOC-Automation-AI-Guarantees-Threat-Hunting__audio_transcript__2ed64979-9011-443c-bec1-8a9dc2da9ea7.vtt,00:21:47.701,00:24:14.601,C:\Users\dr\Documents\unprompted\data\unpromptedcon-org\presenters\vtt\2026-03-04__Stage-2-Early-Afternoon-SOC-Auto__02__Gadi-Evron__Transition-to-Ilia-Shumailov__host.vtt,C:\Users\dr\Documents\unprompted\data\unpromptedcon-org\presenters\txt\2026-03-04__Stage-2-Early-Afternoon-SOC-Auto__02__Gadi-Evron__Transition-to-Ilia-Shumailov__host.txt,,
2026-03-04-Stage-2-Early-Afternoon-SOC-Automation-AI-Guarantees-Threat-Hunting-03-Ilia-Shumailov-AI-Security-with-Guarantees,2026-03-04,Stage 2 Early Afternoon SOC Automation AI Guarantees Threat Hunting,3,Ilia Shumailov,AI Security with Guarantees,presenter,C:\Users\dr\Documents\unprompted\data\unpromptedcon-org\vtt\2026-03-04T211531Z__87174872040__dr-at-secwest.net__Stage-2-Early-Afternoon-SOC-Automation-AI-Guarantees-Threat-Hunting__audio_transcript__2ed64979-9011-443c-bec1-8a9dc2da9ea7.vtt,00:24:14.601,00:49:42.451,C:\Users\dr\Documents\unprompted\data\unpromptedcon-org\presenters\vtt\2026-03-04__Stage-2-Early-Afternoon-SOC-Auto__03__Ilia-Shumailov__AI-Security-with-Guarantees__presenter.vtt,C:\Users\dr\Documents\unprompted\data\unpromptedcon-org\presenters\txt\2026-03-04__Stage-2-Early-Afternoon-SOC-Auto__03__Ilia-Shumailov__AI-Security-with-Guarantees__presenter.txt,,
2026-03-04-Stage-2-Early-Afternoon-SOC-Automation-AI-Guarantees-Threat-Hunting-04-Dongdong-Sun-From-OSINT-Chaos-to-Knowledge-Gra,2026-03-04,Stage 2 Early Afternoon SOC Automation AI Guarantees Threat Hunting,4,Dongdong Sun,From OSINT Chaos to Knowledge Graph,presenter,C:\Users\dr\Documents\unprompted\data\unpromptedcon-org\vtt\2026-03-04T211531Z__87174872040__dr-at-secwest.net__Stage-2-Early-Afternoon-SOC-Automation-AI-Guarantees-Threat-Hunting__audio_transcript__2ed64979-9011-443c-bec1-8a9dc2da9ea7.vtt,00:49:42.451,01:16:31.641,C:\Users\dr\Documents\unprompted\data\unpromptedcon-org\presenters\vtt\2026-03-04__Stage-2-Early-Afternoon-SOC-Auto__04__Dongdong-Sun__From-OSINT-Chaos-to-Knowledge-Graph__presenter.vtt,C:\Users\dr\Documents\unprompted\data\unpromptedcon-org\presenters\txt\2026-03-04__Stage-2-Early-Afternoon-SOC-Auto__04__Dongdong-Sun__From-OSINT-Chaos-to-Knowledge-Graph__presenter.txt,,
2026-03-04-Stage-2-Late-Afternoon-Agentic-SOC-AI-Incidents-Vuln-Discovery-01-Peter-Smith-and-RK-Beyond-the-Chatbot-Delivering-an,2026-03-04,Stage 2 Late Afternoon Agentic SOC AI Incidents Vuln Discovery,1,Peter Smith and RK,Beyond the Chatbot: Delivering an Agentic SOC,presenter,C:\Users\dr\Documents\unprompted\data\unpromptedcon-org\vtt\2026-03-04T224923Z__82468242121__dr-at-secwest.net__Stage-2-Late-Afternoon-Agentic-SOC-AI-Incidents-Vuln-Discovery__audio_transcript__eecef481-bd16-4ef1-a5a2-9bacf436d57e.vtt,00:00:11.266,00:26:00.306,C:\Users\dr\Documents\unprompted\data\unpromptedcon-org\presenters\vtt\2026-03-04__Stage-2-Late-Afternoon-Agentic-S__01__Peter-Smith-and-RK__Beyond-the-Chatbot-Delivering-an-Agentic-SOC__presenter.vtt,C:\Users\dr\Documents\unprompted\data\unpromptedcon-org\presenters\txt\2026-03-04__Stage-2-Late-Afternoon-Agentic-S__01__Peter-Smith-and-RK__Beyond-the-Chatbot-Delivering-an-Agentic-SOC__presenter.txt,,
2026-03-04-Stage-2-Late-Afternoon-Agentic-SOC-AI-Incidents-Vuln-Discovery-02-Akash-Mukherjee-Are-Your-LLM-s-Safety-Mechanisms-In,2026-03-04,Stage 2 Late Afternoon Agentic SOC AI Incidents Vuln Discovery,2,Akash Mukherjee,Are Your LLM's Safety Mechanisms Intact?,presenter,C:\Users\dr\Documents\unprompted\data\unpromptedcon-org\vtt\2026-03-04T224923Z__82468242121__dr-at-secwest.net__Stage-2-Late-Afternoon-Agentic-SOC-AI-Incidents-Vuln-Discovery__audio_transcript__eecef481-bd16-4ef1-a5a2-9bacf436d57e.vtt,00:26:14.996,00:50:59.166,C:\Users\dr\Documents\unprompted\data\unpromptedcon-org\presenters\vtt\2026-03-04__Stage-2-Late-Afternoon-Agentic-S__02__Akash-Mukherjee__Are-Your-LLM-s-Safety-Mechanisms-Intact__presenter.vtt,C:\Users\dr\Documents\unprompted\data\unpromptedcon-org\presenters\txt\2026-03-04__Stage-2-Late-Afternoon-Agentic-S__02__Akash-Mukherjee__Are-Your-LLM-s-Safety-Mechanisms-Intact__presenter.txt,,
2026-03-04-Stage-2-Late-Afternoon-Agentic-SOC-AI-Incidents-Vuln-Discovery-03-Gadi-Evron-Host-intro-for-lightning-talk,2026-03-04,Stage 2 Late Afternoon Agentic SOC AI Incidents Vuln Discovery,3,Gadi Evron,Host intro for lightning talk,host,C:\Users\dr\Documents\unprompted\data\unpromptedcon-org\vtt\2026-03-04T224923Z__82468242121__dr-at-secwest.net__Stage-2-Late-Afternoon-Agentic-SOC-AI-Incidents-Vuln-Discovery__audio_transcript__eecef481-bd16-4ef1-a5a2-9bacf436d57e.vtt,00:50:59.166,00:51:16.466,C:\Users\dr\Documents\unprompted\data\unpromptedcon-org\presenters\vtt\2026-03-04__Stage-2-Late-Afternoon-Agentic-S__03__Gadi-Evron__Host-intro-for-lightning-talk__host.vtt,C:\Users\dr\Documents\unprompted\data\unpromptedcon-org\presenters\txt\2026-03-04__Stage-2-Late-Afternoon-Agentic-S__03__Gadi-Evron__Host-intro-for-lightning-talk__host.txt,Speaker attribution is inferred from the transcript analysis.,
2026-03-04-Stage-2-Late-Afternoon-Agentic-SOC-AI-Incidents-Vuln-Discovery-04-Yerna-and-Gosha-Jean-Claude-Van-CTF,2026-03-04,Stage 2 Late Afternoon Agentic SOC AI Incidents Vuln Discovery,4,Yerna and Gosha,Jean-Claude Van CTF,presenter,C:\Users\dr\Documents\unprompted\data\unpromptedcon-org\vtt\2026-03-04T224923Z__82468242121__dr-at-secwest.net__Stage-2-Late-Afternoon-Agentic-SOC-AI-Incidents-Vuln-Discovery__audio_transcript__eecef481-bd16-4ef1-a5a2-9bacf436d57e.vtt,00:51:16.466,01:01:24.176,C:\Users\dr\Documents\unprompted\data\unpromptedcon-org\presenters\vtt\2026-03-04__Stage-2-Late-Afternoon-Agentic-S__04__Yerna-and-Gosha__Jean-Claude-Van-CTF__presenter.vtt,C:\Users\dr\Documents\unprompted\data\unpromptedcon-org\presenters\txt\2026-03-04__Stage-2-Late-Afternoon-Agentic-S__04__Yerna-and-Gosha__Jean-Claude-Van-CTF__presenter.txt,,This extra lightning talk appears instead of one of the published late-afternoon talks.
2026-03-04-Stage-2-Late-Afternoon-Agentic-SOC-AI-Incidents-Vuln-Discovery-05-Gadi-Evron-Open-mic-filler-before-final-lightning-t,2026-03-04,Stage 2 Late Afternoon Agentic SOC AI Incidents Vuln Discovery,5,Gadi Evron,Open-mic filler before final lightning talk,host,C:\Users\dr\Documents\unprompted\data\unpromptedcon-org\vtt\2026-03-04T224923Z__82468242121__dr-at-secwest.net__Stage-2-Late-Afternoon-Agentic-SOC-AI-Incidents-Vuln-Discovery__audio_transcript__eecef481-bd16-4ef1-a5a2-9bacf436d57e.vtt,01:01:24.176,01:03:15.556,C:\Users\dr\Documents\unprompted\data\unpromptedcon-org\presenters\vtt\2026-03-04__Stage-2-Late-Afternoon-Agentic-S__05__Gadi-Evron__Open-mic-filler-before-final-lightning-talk__host.vtt,C:\Users\dr\Documents\unprompted\data\unpromptedcon-org\presenters\txt\2026-03-04__Stage-2-Late-Afternoon-Agentic-S__05__Gadi-Evron__Open-mic-filler-before-final-lightning-talk__host.txt,Speaker attribution is inferred from the transcript analysis.,
2026-03-04-Stage-2-Late-Afternoon-Agentic-SOC-AI-Incidents-Vuln-Discovery-06-Unidentified-Reversek-Spiky-presenter-Effort-Is-All,2026-03-04,Stage 2 Late Afternoon Agentic SOC AI Incidents Vuln Discovery,6,Unidentified Reversek / Spiky presenter,Effort Is All You Need: Testing LLM Applications for Prompt Injection with Spiky,presenter,C:\Users\dr\Documents\unprompted\data\unpromptedcon-org\vtt\2026-03-04T224923Z__82468242121__dr-at-secwest.net__Stage-2-Late-Afternoon-Agentic-SOC-AI-Incidents-Vuln-Discovery__audio_transcript__eecef481-bd16-4ef1-a5a2-9bacf436d57e.vtt,01:03:15.556,01:18:24.536,C:\Users\dr\Documents\unprompted\data\unpromptedcon-org\presenters\vtt\2026-03-04__Stage-2-Late-Afternoon-Agentic-S__06__Unidentified-Reversek-Spiky-presenter__Effort-Is-All-You-Need-Testing-LLM-Applications__presenter.vtt,C:\Users\dr\Documents\unprompted\data\unpromptedcon-org\presenters\txt\2026-03-04__Stage-2-Late-Afternoon-Agentic-S__06__Unidentified-Reversek-Spiky-presenter__Effort-Is-All-You-Need-Testing-LLM-Applications__presenter.txt,The transcript names the tool and organization but not the speaker cleanly.,This extra lightning talk appears instead of one of the published late-afternoon talks.
2026-03-03-Lunch-Chat-Ken-Huang-Agentic-AI-01-Ken-Huang-Lunch-chat-on-agentic-AI-identity-governance-and-deployment-security,2026-03-03,Lunch Chat Ken Huang Agentic AI,1,Ken Huang,"Lunch chat on agentic AI identity, governance, and deployment security",discussion,C:\Users\dr\Documents\unprompted\data\unpromptedcon-org\vtt\2026-03-03T202810Z__88690394827__dr-at-secwest.net__Lunch-Chat-Ken-Huang-Fellow-Cloud-Security-Alliance-Agentic-AI__audio_transcript__571a435b-b38d-4afb-995d-236b8b506b3b.vtt,00:02:43.000,01:03:53.000,C:\Users\dr\Documents\unprompted\data\unpromptedcon-org\presenters\vtt\2026-03-03__Lunch-Chat-Ken-Huang-Agentic-AI__01__Ken-Huang__Lunch-chat-on-agentic-AI-identity-governance-and__discussion.vtt,C:\Users\dr\Documents\unprompted\data\unpromptedcon-org\presenters\txt\2026-03-03__Lunch-Chat-Ken-Huang-Agentic-AI__01__Ken-Huang__Lunch-chat-on-agentic-AI-identity-governance-and__discussion.txt,Open discussion led by Ken Huang; brief unrelated carry-over lines at the very start are excluded.,
2026-03-04-Birds-of-a-Feather-Agentic-Identity-Architecture-01-Rich-Mogull-Birds-of-a-Feather-agentic-identity-architecture,2026-03-04,Birds of a Feather Agentic Identity Architecture,1,Rich Mogull,Birds of a Feather: agentic identity architecture,discussion,C:\Users\dr\Documents\unprompted\data\unpromptedcon-org\vtt\2026-03-04T205738Z__88923818522__dr-at-secwest.net__Birds-of-a-Feather-Agentic-Identity-Architecture-Chris-Cochran__audio_transcript__368ad121-2680-42f1-afac-eda5e0f934a9.vtt,00:00:02.000,00:30:28.000,C:\Users\dr\Documents\unprompted\data\unpromptedcon-org\presenters\vtt\2026-03-04__Birds-of-a-Feather-Agentic-Ident__01__Rich-Mogull__Birds-of-a-Feather-agentic-identity-architecture__discussion.vtt,C:\Users\dr\Documents\unprompted\data\unpromptedcon-org\presenters\txt\2026-03-04__Birds-of-a-Feather-Agentic-Ident__01__Rich-Mogull__Birds-of-a-Feather-agentic-identity-architecture__discussion.txt,"The file topic matches, but Rich Mogull is the clearly audible lead rather than Chris Cochran.","The recording title names Chris Cochran, but the transcript is led by Rich Mogull."
